{"cameraMode":{"drawMode":0,"name":"Shaded","section":"Shading Mode"},"sceneLighting":true,"audioPlay":false,"sceneViewState":{"showFog":true,"showMaterialUpdate":false,"showSkybox":true,"showFlares":true,"showImageEffects":true,"showParticleSystems":true},"in2DMode":false,"pivot":{"x":0.42521390318870547,"y":4.931854248046875,"z":-0.20774537324905396},"rotation":{"x":0.11479169130325318,"y":0.8515790700912476,"z":-0.2094905525445938,"w":0.4666578769683838},"size":3.510952949523926,"orthographic":false}