{"cameraMode":{"drawMode":0,"name":"Shaded","section":"Shading Mode"},"sceneLighting":true,"audioPlay":false,"sceneViewState":{"showFog":true,"showMaterialUpdate":false,"showSkybox":true,"showFlares":true,"showImageEffects":true,"showParticleSystems":true},"in2DMode":false,"pivot":{"x":-13.347908973693848,"y":6.893078327178955,"z":3.752424716949463},"rotation":{"x":0.16647157073020936,"y":0.7570706009864807,"z":-0.21173937618732453,"w":0.5952461361885071},"size":8.867546081542969,"orthographic":false}